{
  "name": "retail_f3_supply_bottleneck_v1",
  "description": "Standard seasonal retail scenario.",
  "periods": 20,
  "products": [
    "SKU_Basic",
    "SKU_Premium",
    "SKU_ShortLife"
  ],
  "locations": [
    "DC1",
    "DC2",
    "DC3",
    "DC4",
    "DC5"
  ],
  "shelf_life": {
    "SKU_Basic": 10,
    "SKU_Premium": 8,
    "SKU_ShortLife": 4
  },
  "lead_time": {
    "SKU_Basic": 0,
    "SKU_Premium": 0,
    "SKU_ShortLife": 0
  },
  "cold_capacity": {
    "DC1": 1059614.6153592607,
    "DC2": 1114196.4763288377,
    "DC3": 1097372.2063868342,
    "DC4": 1009131.0994909529,
    "DC5": 960649.2079182867
  },
  "cold_usage": {
    "SKU_Basic": 1.0,
    "SKU_Premium": 3.0,
    "SKU_ShortLife": 1.2
  },
  "production_cap": {
    "SKU_Basic": [
      240.0,
      240.0,
      240.0,
      240.0,
      240.0,
      240.0,
      240.0,
      240.0,
      240.0,
      240.0,
      240.0,
      240.0,
      240.0,
      240.0,
      240.0,
      240.0,
      240.0,
      240.0,
      240.0,
      240.0
    ],
    "SKU_Premium": [
      120.0,
      120.0,
      120.0,
      120.0,
      120.0,
      120.0,
      120.0,
      120.0,
      120.0,
      120.0,
      120.0,
      120.0,
      120.0,
      120.0,
      120.0,
      120.0,
      120.0,
      120.0,
      120.0,
      120.0
    ],
    "SKU_ShortLife": [
      150.0,
      150.0,
      150.0,
      150.0,
      150.0,
      150.0,
      150.0,
      150.0,
      150.0,
      150.0,
      150.0,
      150.0,
      150.0,
      150.0,
      150.0,
      150.0,
      150.0,
      150.0,
      150.0,
      150.0
    ]
  },
  "labor_cap": {
    "DC1": [
      99999.0,
      99999.0,
      99999.0,
      99999.0,
      99999.0,
      99999.0,
      99999.0,
      99999.0,
      99999.0,
      99999.0,
      99999.0,
      99999.0,
      99999.0,
      99999.0,
      99999.0,
      99999.0,
      99999.0,
      99999.0,
      99999.0,
      99999.0
    ],
    "DC2": [
      99999.0,
      99999.0,
      99999.0,
      99999.0,
      99999.0,
      99999.0,
      99999.0,
      99999.0,
      99999.0,
      99999.0,
      99999.0,
      99999.0,
      99999.0,
      99999.0,
      99999.0,
      99999.0,
      99999.0,
      99999.0,
      99999.0,
      99999.0
    ],
    "DC3": [
      99999.0,
      99999.0,
      99999.0,
      99999.0,
      99999.0,
      99999.0,
      99999.0,
      99999.0,
      99999.0,
      99999.0,
      99999.0,
      99999.0,
      99999.0,
      99999.0,
      99999.0,
      99999.0,
      99999.0,
      99999.0,
      99999.0,
      99999.0
    ],
    "DC4": [
      99999.0,
      99999.0,
      99999.0,
      99999.0,
      99999.0,
      99999.0,
      99999.0,
      99999.0,
      99999.0,
      99999.0,
      99999.0,
      99999.0,
      99999.0,
      99999.0,
      99999.0,
      99999.0,
      99999.0,
      99999.0,
      99999.0,
      99999.0
    ],
    "DC5": [
      99999.0,
      99999.0,
      99999.0,
      99999.0,
      99999.0,
      99999.0,
      99999.0,
      99999.0,
      99999.0,
      99999.0,
      99999.0,
      99999.0,
      99999.0,
      99999.0,
      99999.0,
      99999.0,
      99999.0,
      99999.0,
      99999.0,
      99999.0
    ]
  },
  "labor_usage": {
    "SKU_Basic": 0.0,
    "SKU_Premium": 0.0,
    "SKU_ShortLife": 0.0
  },
  "return_rate": {
    "SKU_Basic": 0.0,
    "SKU_Premium": 0.0,
    "SKU_ShortLife": 0.0
  },
  "demand_curve": {
    "SKU_Basic": [
      263,
      272,
      348,
      325,
      429,
      513,
      684,
      1017,
      1093,
      1370,
      1387,
      1394,
      1154,
      1041,
      743,
      580,
      464,
      380,
      343,
      285
    ],
    "SKU_Premium": [
      128,
      174,
      175,
      171,
      186,
      251,
      387,
      409,
      509,
      541,
      572,
      661,
      530,
      416,
      339,
      273,
      222,
      166,
      178,
      168
    ],
    "SKU_ShortLife": [
      121,
      142,
      128,
      155,
      155,
      204,
      297,
      337,
      495,
      551,
      451,
      534,
      455,
      311,
      264,
      193,
      189,
      146,
      128,
      124
    ]
  },
  "demand_share": {
    "DC1": 0.25,
    "DC2": 0.2,
    "DC3": 0.2,
    "DC4": 0.2,
    "DC5": 0.15
  },
  "costs": {
    "lost_sales": {
      "SKU_Basic": 50.0,
      "SKU_Premium": 80.0,
      "SKU_ShortLife": 40.0
    },
    "inventory": {
      "SKU_Basic": 1.0,
      "SKU_Premium": 1.5,
      "SKU_ShortLife": 1.0
    },
    "waste": {
      "SKU_Basic": 2.0,
      "SKU_Premium": 3.0,
      "SKU_ShortLife": 2.0
    },
    "fixed_order": 0.0,
    "transshipment": 0.5,
    "purchasing": {
      "SKU_Basic": 10.0,
      "SKU_Premium": 20.0,
      "SKU_ShortLife": 15.0
    }
  },
  "constraints": {
    "moq": 0,
    "pack_size": 1,
    "budget_per_period": null,
    "waste_limit_pct": null
  },
  "network": {
    "sub_edges": [
      [
        "SKU_Basic",
        "SKU_Premium"
      ]
    ],
    "trans_edges": []
  }
}