{
  "name": "retail_f3_storage_bottleneck_v4",
  "description": "Standard seasonal retail scenario.",
  "periods": 20,
  "products": [
    "SKU_Basic",
    "SKU_Premium",
    "SKU_ShortLife"
  ],
  "locations": [
    "DC1",
    "DC2",
    "DC3",
    "DC4",
    "DC5"
  ],
  "shelf_life": {
    "SKU_Basic": 10,
    "SKU_Premium": 8,
    "SKU_ShortLife": 4
  },
  "lead_time": {
    "SKU_Basic": 0,
    "SKU_Premium": 0,
    "SKU_ShortLife": 0
  },
  "cold_capacity": {
    "DC1": 1226.467376971208,
    "DC2": 1134.5453383916401,
    "DC3": 1019.5594291331631,
    "DC4": 1013.4441008367226,
    "DC5": 743.4859002747945
  },
  "cold_usage": {
    "SKU_Basic": 1.0,
    "SKU_Premium": 3.0,
    "SKU_ShortLife": 1.2
  },
  "production_cap": {
    "SKU_Basic": [
      800,
      800,
      800,
      800,
      800,
      800,
      800,
      800,
      800,
      800,
      800,
      800,
      800,
      800,
      800,
      800,
      800,
      800,
      800,
      800
    ],
    "SKU_Premium": [
      400,
      400,
      400,
      400,
      400,
      400,
      400,
      400,
      400,
      400,
      400,
      400,
      400,
      400,
      400,
      400,
      400,
      400,
      400,
      400
    ],
    "SKU_ShortLife": [
      500,
      500,
      500,
      500,
      500,
      500,
      500,
      500,
      500,
      500,
      500,
      500,
      500,
      500,
      500,
      500,
      500,
      500,
      500,
      500
    ]
  },
  "labor_cap": {
    "DC1": [
      99999.0,
      99999.0,
      99999.0,
      99999.0,
      99999.0,
      99999.0,
      99999.0,
      99999.0,
      99999.0,
      99999.0,
      99999.0,
      99999.0,
      99999.0,
      99999.0,
      99999.0,
      99999.0,
      99999.0,
      99999.0,
      99999.0,
      99999.0
    ],
    "DC2": [
      99999.0,
      99999.0,
      99999.0,
      99999.0,
      99999.0,
      99999.0,
      99999.0,
      99999.0,
      99999.0,
      99999.0,
      99999.0,
      99999.0,
      99999.0,
      99999.0,
      99999.0,
      99999.0,
      99999.0,
      99999.0,
      99999.0,
      99999.0
    ],
    "DC3": [
      99999.0,
      99999.0,
      99999.0,
      99999.0,
      99999.0,
      99999.0,
      99999.0,
      99999.0,
      99999.0,
      99999.0,
      99999.0,
      99999.0,
      99999.0,
      99999.0,
      99999.0,
      99999.0,
      99999.0,
      99999.0,
      99999.0,
      99999.0
    ],
    "DC4": [
      99999.0,
      99999.0,
      99999.0,
      99999.0,
      99999.0,
      99999.0,
      99999.0,
      99999.0,
      99999.0,
      99999.0,
      99999.0,
      99999.0,
      99999.0,
      99999.0,
      99999.0,
      99999.0,
      99999.0,
      99999.0,
      99999.0,
      99999.0
    ],
    "DC5": [
      99999.0,
      99999.0,
      99999.0,
      99999.0,
      99999.0,
      99999.0,
      99999.0,
      99999.0,
      99999.0,
      99999.0,
      99999.0,
      99999.0,
      99999.0,
      99999.0,
      99999.0,
      99999.0,
      99999.0,
      99999.0,
      99999.0,
      99999.0
    ]
  },
  "labor_usage": {
    "SKU_Basic": 0.0,
    "SKU_Premium": 0.0,
    "SKU_ShortLife": 0.0
  },
  "return_rate": {
    "SKU_Basic": 0.0,
    "SKU_Premium": 0.0,
    "SKU_ShortLife": 0.0
  },
  "demand_curve": {
    "SKU_Basic": [
      348,
      277,
      288,
      405,
      428,
      607,
      716,
      1009,
      1232,
      1368,
      1222,
      1160,
      1025,
      939,
      794,
      588,
      380,
      410,
      373,
      313
    ],
    "SKU_Premium": [
      130,
      173,
      177,
      187,
      242,
      235,
      305,
      458,
      619,
      569,
      627,
      657,
      471,
      423,
      333,
      259,
      215,
      182,
      147,
      148
    ],
    "SKU_ShortLife": [
      129,
      132,
      143,
      167,
      165,
      217,
      309,
      316,
      468,
      525,
      492,
      474,
      382,
      366,
      268,
      215,
      185,
      161,
      147,
      113
    ]
  },
  "demand_share": {
    "DC1": 0.25,
    "DC2": 0.2,
    "DC3": 0.2,
    "DC4": 0.2,
    "DC5": 0.15
  },
  "costs": {
    "lost_sales": {
      "SKU_Basic": 50.0,
      "SKU_Premium": 80.0,
      "SKU_ShortLife": 40.0
    },
    "inventory": {
      "SKU_Basic": 1.0,
      "SKU_Premium": 1.5,
      "SKU_ShortLife": 1.0
    },
    "waste": {
      "SKU_Basic": 2.0,
      "SKU_Premium": 3.0,
      "SKU_ShortLife": 2.0
    },
    "fixed_order": 0.0,
    "transshipment": 0.5,
    "purchasing": {
      "SKU_Basic": 10.0,
      "SKU_Premium": 20.0,
      "SKU_ShortLife": 15.0
    }
  },
  "constraints": {
    "moq": 0,
    "pack_size": 1,
    "budget_per_period": null,
    "waste_limit_pct": null
  },
  "network": {
    "sub_edges": [
      [
        "SKU_Basic",
        "SKU_Premium"
      ]
    ],
    "trans_edges": []
  }
}