{
  "name": "retail_f8_labor_constraint_v2",
  "description": "Standard seasonal retail scenario.",
  "periods": 20,
  "products": [
    "SKU_Basic",
    "SKU_Premium",
    "SKU_ShortLife"
  ],
  "locations": [
    "DC1",
    "DC2",
    "DC3",
    "DC4",
    "DC5"
  ],
  "shelf_life": {
    "SKU_Basic": 10,
    "SKU_Premium": 8,
    "SKU_ShortLife": 4
  },
  "lead_time": {
    "SKU_Basic": 0,
    "SKU_Premium": 0,
    "SKU_ShortLife": 0
  },
  "cold_capacity": {
    "DC1": 3958.636540075936,
    "DC2": 3581.0033038684473,
    "DC3": 2688.3338739918654,
    "DC4": 2578.9496374435103,
    "DC5": 2772.9145138712834
  },
  "cold_usage": {
    "SKU_Basic": 1.0,
    "SKU_Premium": 3.0,
    "SKU_ShortLife": 1.2
  },
  "production_cap": {
    "SKU_Basic": [
      800,
      800,
      800,
      800,
      800,
      800,
      800,
      800,
      800,
      800,
      800,
      800,
      800,
      800,
      800,
      800,
      800,
      800,
      800,
      800
    ],
    "SKU_Premium": [
      400,
      400,
      400,
      400,
      400,
      400,
      400,
      400,
      400,
      400,
      400,
      400,
      400,
      400,
      400,
      400,
      400,
      400,
      400,
      400
    ],
    "SKU_ShortLife": [
      500,
      500,
      500,
      500,
      500,
      500,
      500,
      500,
      500,
      500,
      500,
      500,
      500,
      500,
      500,
      500,
      500,
      500,
      500,
      500
    ]
  },
  "labor_cap": {
    "DC1": [
      200.0,
      200.0,
      200.0,
      200.0,
      200.0,
      200.0,
      200.0,
      200.0,
      200.0,
      200.0,
      200.0,
      200.0,
      200.0,
      200.0,
      200.0,
      200.0,
      200.0,
      200.0,
      200.0,
      200.0
    ],
    "DC2": [
      200.0,
      200.0,
      200.0,
      200.0,
      200.0,
      200.0,
      200.0,
      200.0,
      200.0,
      200.0,
      200.0,
      200.0,
      200.0,
      200.0,
      200.0,
      200.0,
      200.0,
      200.0,
      200.0,
      200.0
    ],
    "DC3": [
      200.0,
      200.0,
      200.0,
      200.0,
      200.0,
      200.0,
      200.0,
      200.0,
      200.0,
      200.0,
      200.0,
      200.0,
      200.0,
      200.0,
      200.0,
      200.0,
      200.0,
      200.0,
      200.0,
      200.0
    ],
    "DC4": [
      200.0,
      200.0,
      200.0,
      200.0,
      200.0,
      200.0,
      200.0,
      200.0,
      200.0,
      200.0,
      200.0,
      200.0,
      200.0,
      200.0,
      200.0,
      200.0,
      200.0,
      200.0,
      200.0,
      200.0
    ],
    "DC5": [
      200.0,
      200.0,
      200.0,
      200.0,
      200.0,
      200.0,
      200.0,
      200.0,
      200.0,
      200.0,
      200.0,
      200.0,
      200.0,
      200.0,
      200.0,
      200.0,
      200.0,
      200.0,
      200.0,
      200.0
    ]
  },
  "labor_usage": {
    "SKU_Basic": 0.1,
    "SKU_Premium": 0.2,
    "SKU_ShortLife": 0.1
  },
  "return_rate": {
    "SKU_Basic": 0.0,
    "SKU_Premium": 0.0,
    "SKU_ShortLife": 0.0
  },
  "demand_curve": {
    "SKU_Basic": [
      268,
      281,
      308,
      351,
      378,
      538,
      638,
      774,
      1224,
      1345,
      1136,
      1358,
      995,
      1010,
      671,
      605,
      375,
      359,
      302,
      344
    ],
    "SKU_Premium": [
      131,
      166,
      156,
      208,
      187,
      297,
      350,
      506,
      546,
      639,
      652,
      529,
      542,
      480,
      386,
      282,
      237,
      187,
      163,
      163
    ],
    "SKU_ShortLife": [
      125,
      128,
      122,
      136,
      163,
      240,
      280,
      322,
      417,
      465,
      593,
      515,
      420,
      351,
      274,
      247,
      152,
      165,
      121,
      121
    ]
  },
  "demand_share": {
    "DC1": 0.25,
    "DC2": 0.2,
    "DC3": 0.2,
    "DC4": 0.2,
    "DC5": 0.15
  },
  "costs": {
    "lost_sales": {
      "SKU_Basic": 50.0,
      "SKU_Premium": 80.0,
      "SKU_ShortLife": 40.0
    },
    "inventory": {
      "SKU_Basic": 1.0,
      "SKU_Premium": 1.5,
      "SKU_ShortLife": 1.0
    },
    "waste": {
      "SKU_Basic": 2.0,
      "SKU_Premium": 3.0,
      "SKU_ShortLife": 2.0
    },
    "fixed_order": 0.0,
    "transshipment": 0.5,
    "purchasing": {
      "SKU_Basic": 10.0,
      "SKU_Premium": 20.0,
      "SKU_ShortLife": 15.0
    }
  },
  "constraints": {
    "moq": 0,
    "pack_size": 1,
    "budget_per_period": null,
    "waste_limit_pct": null
  },
  "network": {
    "sub_edges": [
      [
        "SKU_Basic",
        "SKU_Premium"
      ]
    ],
    "trans_edges": []
  }
}