{
  "name": "retail_f3_supply_bottleneck_v4",
  "description": "Standard seasonal retail scenario.",
  "periods": 20,
  "products": [
    "SKU_Basic",
    "SKU_Premium",
    "SKU_ShortLife"
  ],
  "locations": [
    "DC1",
    "DC2",
    "DC3",
    "DC4",
    "DC5"
  ],
  "shelf_life": {
    "SKU_Basic": 10,
    "SKU_Premium": 8,
    "SKU_ShortLife": 4
  },
  "lead_time": {
    "SKU_Basic": 0,
    "SKU_Premium": 0,
    "SKU_ShortLife": 0
  },
  "cold_capacity": {
    "DC1": 1100171.654473379,
    "DC2": 1095657.8622260948,
    "DC3": 1084235.3355647023,
    "DC4": 975199.3968462343,
    "DC5": 1018455.8155221663
  },
  "cold_usage": {
    "SKU_Basic": 1.0,
    "SKU_Premium": 3.0,
    "SKU_ShortLife": 1.2
  },
  "production_cap": {
    "SKU_Basic": [
      240.0,
      240.0,
      240.0,
      240.0,
      240.0,
      240.0,
      240.0,
      240.0,
      240.0,
      240.0,
      240.0,
      240.0,
      240.0,
      240.0,
      240.0,
      240.0,
      240.0,
      240.0,
      240.0,
      240.0
    ],
    "SKU_Premium": [
      120.0,
      120.0,
      120.0,
      120.0,
      120.0,
      120.0,
      120.0,
      120.0,
      120.0,
      120.0,
      120.0,
      120.0,
      120.0,
      120.0,
      120.0,
      120.0,
      120.0,
      120.0,
      120.0,
      120.0
    ],
    "SKU_ShortLife": [
      150.0,
      150.0,
      150.0,
      150.0,
      150.0,
      150.0,
      150.0,
      150.0,
      150.0,
      150.0,
      150.0,
      150.0,
      150.0,
      150.0,
      150.0,
      150.0,
      150.0,
      150.0,
      150.0,
      150.0
    ]
  },
  "labor_cap": {
    "DC1": [
      99999.0,
      99999.0,
      99999.0,
      99999.0,
      99999.0,
      99999.0,
      99999.0,
      99999.0,
      99999.0,
      99999.0,
      99999.0,
      99999.0,
      99999.0,
      99999.0,
      99999.0,
      99999.0,
      99999.0,
      99999.0,
      99999.0,
      99999.0
    ],
    "DC2": [
      99999.0,
      99999.0,
      99999.0,
      99999.0,
      99999.0,
      99999.0,
      99999.0,
      99999.0,
      99999.0,
      99999.0,
      99999.0,
      99999.0,
      99999.0,
      99999.0,
      99999.0,
      99999.0,
      99999.0,
      99999.0,
      99999.0,
      99999.0
    ],
    "DC3": [
      99999.0,
      99999.0,
      99999.0,
      99999.0,
      99999.0,
      99999.0,
      99999.0,
      99999.0,
      99999.0,
      99999.0,
      99999.0,
      99999.0,
      99999.0,
      99999.0,
      99999.0,
      99999.0,
      99999.0,
      99999.0,
      99999.0,
      99999.0
    ],
    "DC4": [
      99999.0,
      99999.0,
      99999.0,
      99999.0,
      99999.0,
      99999.0,
      99999.0,
      99999.0,
      99999.0,
      99999.0,
      99999.0,
      99999.0,
      99999.0,
      99999.0,
      99999.0,
      99999.0,
      99999.0,
      99999.0,
      99999.0,
      99999.0
    ],
    "DC5": [
      99999.0,
      99999.0,
      99999.0,
      99999.0,
      99999.0,
      99999.0,
      99999.0,
      99999.0,
      99999.0,
      99999.0,
      99999.0,
      99999.0,
      99999.0,
      99999.0,
      99999.0,
      99999.0,
      99999.0,
      99999.0,
      99999.0,
      99999.0
    ]
  },
  "labor_usage": {
    "SKU_Basic": 0.0,
    "SKU_Premium": 0.0,
    "SKU_ShortLife": 0.0
  },
  "return_rate": {
    "SKU_Basic": 0.0,
    "SKU_Premium": 0.0,
    "SKU_ShortLife": 0.0
  },
  "demand_curve": {
    "SKU_Basic": [
      294,
      344,
      338,
      333,
      418,
      611,
      693,
      779,
      1069,
      1407,
      1236,
      1058,
      1204,
      927,
      728,
      486,
      383,
      381,
      317,
      340
    ],
    "SKU_Premium": [
      156,
      154,
      150,
      165,
      238,
      287,
      337,
      491,
      618,
      631,
      637,
      546,
      610,
      386,
      340,
      287,
      193,
      163,
      163,
      170
    ],
    "SKU_ShortLife": [
      127,
      126,
      132,
      166,
      176,
      199,
      265,
      376,
      473,
      519,
      502,
      454,
      403,
      354,
      261,
      238,
      163,
      152,
      139,
      116
    ]
  },
  "demand_share": {
    "DC1": 0.25,
    "DC2": 0.2,
    "DC3": 0.2,
    "DC4": 0.2,
    "DC5": 0.15
  },
  "costs": {
    "lost_sales": {
      "SKU_Basic": 50.0,
      "SKU_Premium": 80.0,
      "SKU_ShortLife": 40.0
    },
    "inventory": {
      "SKU_Basic": 1.0,
      "SKU_Premium": 1.5,
      "SKU_ShortLife": 1.0
    },
    "waste": {
      "SKU_Basic": 2.0,
      "SKU_Premium": 3.0,
      "SKU_ShortLife": 2.0
    },
    "fixed_order": 0.0,
    "transshipment": 0.5,
    "purchasing": {
      "SKU_Basic": 10.0,
      "SKU_Premium": 20.0,
      "SKU_ShortLife": 15.0
    }
  },
  "constraints": {
    "moq": 0,
    "pack_size": 1,
    "budget_per_period": null,
    "waste_limit_pct": null
  },
  "network": {
    "sub_edges": [
      [
        "SKU_Basic",
        "SKU_Premium"
      ]
    ],
    "trans_edges": []
  }
}