{
  "name": "retail_f8_reverse_logistics_v1",
  "description": "Standard seasonal retail scenario.",
  "periods": 20,
  "products": [
    "SKU_Basic",
    "SKU_Premium",
    "SKU_ShortLife"
  ],
  "locations": [
    "DC1",
    "DC2",
    "DC3",
    "DC4",
    "DC5"
  ],
  "shelf_life": {
    "SKU_Basic": 10,
    "SKU_Premium": 8,
    "SKU_ShortLife": 4
  },
  "lead_time": {
    "SKU_Basic": 0,
    "SKU_Premium": 0,
    "SKU_ShortLife": 0
  },
  "cold_capacity": {
    "DC1": 4029.8928442704655,
    "DC2": 3138.3083323285973,
    "DC3": 2919.7591399641706,
    "DC4": 2807.6691255831142,
    "DC5": 2348.6767930207275
  },
  "cold_usage": {
    "SKU_Basic": 1.0,
    "SKU_Premium": 3.0,
    "SKU_ShortLife": 1.2
  },
  "production_cap": {
    "SKU_Basic": [
      800,
      800,
      800,
      800,
      800,
      800,
      800,
      800,
      800,
      800,
      800,
      800,
      800,
      800,
      800,
      800,
      800,
      800,
      800,
      800
    ],
    "SKU_Premium": [
      400,
      400,
      400,
      400,
      400,
      400,
      400,
      400,
      400,
      400,
      400,
      400,
      400,
      400,
      400,
      400,
      400,
      400,
      400,
      400
    ],
    "SKU_ShortLife": [
      500,
      500,
      500,
      500,
      500,
      500,
      500,
      500,
      500,
      500,
      500,
      500,
      500,
      500,
      500,
      500,
      500,
      500,
      500,
      500
    ]
  },
  "labor_cap": {
    "DC1": [
      99999.0,
      99999.0,
      99999.0,
      99999.0,
      99999.0,
      99999.0,
      99999.0,
      99999.0,
      99999.0,
      99999.0,
      99999.0,
      99999.0,
      99999.0,
      99999.0,
      99999.0,
      99999.0,
      99999.0,
      99999.0,
      99999.0,
      99999.0
    ],
    "DC2": [
      99999.0,
      99999.0,
      99999.0,
      99999.0,
      99999.0,
      99999.0,
      99999.0,
      99999.0,
      99999.0,
      99999.0,
      99999.0,
      99999.0,
      99999.0,
      99999.0,
      99999.0,
      99999.0,
      99999.0,
      99999.0,
      99999.0,
      99999.0
    ],
    "DC3": [
      99999.0,
      99999.0,
      99999.0,
      99999.0,
      99999.0,
      99999.0,
      99999.0,
      99999.0,
      99999.0,
      99999.0,
      99999.0,
      99999.0,
      99999.0,
      99999.0,
      99999.0,
      99999.0,
      99999.0,
      99999.0,
      99999.0,
      99999.0
    ],
    "DC4": [
      99999.0,
      99999.0,
      99999.0,
      99999.0,
      99999.0,
      99999.0,
      99999.0,
      99999.0,
      99999.0,
      99999.0,
      99999.0,
      99999.0,
      99999.0,
      99999.0,
      99999.0,
      99999.0,
      99999.0,
      99999.0,
      99999.0,
      99999.0
    ],
    "DC5": [
      99999.0,
      99999.0,
      99999.0,
      99999.0,
      99999.0,
      99999.0,
      99999.0,
      99999.0,
      99999.0,
      99999.0,
      99999.0,
      99999.0,
      99999.0,
      99999.0,
      99999.0,
      99999.0,
      99999.0,
      99999.0,
      99999.0,
      99999.0
    ]
  },
  "labor_usage": {
    "SKU_Basic": 0.0,
    "SKU_Premium": 0.0,
    "SKU_ShortLife": 0.0
  },
  "return_rate": {
    "SKU_Basic": 0.2,
    "SKU_Premium": 0.1,
    "SKU_ShortLife": 0.05
  },
  "demand_curve": {
    "SKU_Basic": [
      276,
      295,
      340,
      344,
      475,
      590,
      640,
      1024,
      976,
      1144,
      1246,
      1137,
      951,
      926,
      770,
      565,
      464,
      396,
      361,
      345
    ],
    "SKU_Premium": [
      159,
      156,
      180,
      185,
      226,
      279,
      367,
      507,
      545,
      678,
      666,
      708,
      535,
      416,
      353,
      261,
      219,
      199,
      169,
      159
    ],
    "SKU_ShortLife": [
      129,
      137,
      111,
      139,
      149,
      200,
      292,
      364,
      428,
      561,
      528,
      548,
      390,
      415,
      283,
      188,
      182,
      132,
      135,
      124
    ]
  },
  "demand_share": {
    "DC1": 0.25,
    "DC2": 0.2,
    "DC3": 0.2,
    "DC4": 0.2,
    "DC5": 0.15
  },
  "costs": {
    "lost_sales": {
      "SKU_Basic": 50.0,
      "SKU_Premium": 80.0,
      "SKU_ShortLife": 40.0
    },
    "inventory": {
      "SKU_Basic": 1.0,
      "SKU_Premium": 1.5,
      "SKU_ShortLife": 1.0
    },
    "waste": {
      "SKU_Basic": 2.0,
      "SKU_Premium": 3.0,
      "SKU_ShortLife": 2.0
    },
    "fixed_order": 0.0,
    "transshipment": 0.5,
    "purchasing": {
      "SKU_Basic": 10.0,
      "SKU_Premium": 20.0,
      "SKU_ShortLife": 15.0
    }
  },
  "constraints": {
    "moq": 0,
    "pack_size": 1,
    "budget_per_period": null,
    "waste_limit_pct": null
  },
  "network": {
    "sub_edges": [
      [
        "SKU_Basic",
        "SKU_Premium"
      ]
    ],
    "trans_edges": []
  }
}