{
  "name": "retail_f7_multiechelon_chain_v3",
  "description": "Standard seasonal retail scenario.",
  "periods": 20,
  "products": [
    "SKU_Basic",
    "SKU_Premium",
    "SKU_ShortLife"
  ],
  "locations": [
    "Plant",
    "DC1",
    "DC2",
    "Store1",
    "Store2",
    "Store3"
  ],
  "shelf_life": {
    "SKU_Basic": 10,
    "SKU_Premium": 8,
    "SKU_ShortLife": 4
  },
  "lead_time": {
    "SKU_Basic": 0,
    "SKU_Premium": 0,
    "SKU_ShortLife": 0
  },
  "cold_capacity": {
    "Plant": 8359.840241598578,
    "DC1": 3937.2335858520114,
    "DC2": 4401.929253273903,
    "Store1": 537.2131584755921,
    "Store2": 535.2300597553392,
    "Store3": 574.6070810113063
  },
  "cold_usage": {
    "SKU_Basic": 1.0,
    "SKU_Premium": 3.0,
    "SKU_ShortLife": 1.2
  },
  "production_cap": {
    "SKU_Basic": [
      800,
      800,
      800,
      800,
      800,
      800,
      800,
      800,
      800,
      800,
      800,
      800,
      800,
      800,
      800,
      800,
      800,
      800,
      800,
      800
    ],
    "SKU_Premium": [
      400,
      400,
      400,
      400,
      400,
      400,
      400,
      400,
      400,
      400,
      400,
      400,
      400,
      400,
      400,
      400,
      400,
      400,
      400,
      400
    ],
    "SKU_ShortLife": [
      500,
      500,
      500,
      500,
      500,
      500,
      500,
      500,
      500,
      500,
      500,
      500,
      500,
      500,
      500,
      500,
      500,
      500,
      500,
      500
    ]
  },
  "labor_cap": {
    "Plant": [
      99999.0,
      99999.0,
      99999.0,
      99999.0,
      99999.0,
      99999.0,
      99999.0,
      99999.0,
      99999.0,
      99999.0,
      99999.0,
      99999.0,
      99999.0,
      99999.0,
      99999.0,
      99999.0,
      99999.0,
      99999.0,
      99999.0,
      99999.0
    ],
    "DC1": [
      500.0,
      500.0,
      500.0,
      500.0,
      500.0,
      500.0,
      500.0,
      500.0,
      500.0,
      500.0,
      500.0,
      500.0,
      500.0,
      500.0,
      500.0,
      500.0,
      500.0,
      500.0,
      500.0,
      500.0
    ],
    "DC2": [
      500.0,
      500.0,
      500.0,
      500.0,
      500.0,
      500.0,
      500.0,
      500.0,
      500.0,
      500.0,
      500.0,
      500.0,
      500.0,
      500.0,
      500.0,
      500.0,
      500.0,
      500.0,
      500.0,
      500.0
    ],
    "Store1": [
      200.0,
      200.0,
      200.0,
      200.0,
      200.0,
      200.0,
      200.0,
      200.0,
      200.0,
      200.0,
      200.0,
      200.0,
      200.0,
      200.0,
      200.0,
      200.0,
      200.0,
      200.0,
      200.0,
      200.0
    ],
    "Store2": [
      200.0,
      200.0,
      200.0,
      200.0,
      200.0,
      200.0,
      200.0,
      200.0,
      200.0,
      200.0,
      200.0,
      200.0,
      200.0,
      200.0,
      200.0,
      200.0,
      200.0,
      200.0,
      200.0,
      200.0
    ],
    "Store3": [
      200.0,
      200.0,
      200.0,
      200.0,
      200.0,
      200.0,
      200.0,
      200.0,
      200.0,
      200.0,
      200.0,
      200.0,
      200.0,
      200.0,
      200.0,
      200.0,
      200.0,
      200.0,
      200.0,
      200.0
    ]
  },
  "labor_usage": {
    "SKU_Basic": 0.0,
    "SKU_Premium": 0.0,
    "SKU_ShortLife": 0.0
  },
  "return_rate": {
    "SKU_Basic": 0.0,
    "SKU_Premium": 0.0,
    "SKU_ShortLife": 0.0
  },
  "demand_curve": {
    "SKU_Basic": [
      263,
      334,
      331,
      340,
      413,
      617,
      605,
      779,
      1134,
      1331,
      1357,
      1287,
      1136,
      1038,
      715,
      625,
      383,
      412,
      342,
      286
    ],
    "SKU_Premium": [
      158,
      148,
      162,
      185,
      225,
      241,
      322,
      508,
      497,
      647,
      639,
      554,
      510,
      390,
      384,
      291,
      191,
      189,
      173,
      149
    ],
    "SKU_ShortLife": [
      112,
      129,
      118,
      165,
      161,
      207,
      245,
      357,
      398,
      568,
      524,
      441,
      461,
      374,
      310,
      230,
      157,
      149,
      127,
      121
    ]
  },
  "demand_share": {
    "Plant": 0.0,
    "DC1": 0.0,
    "DC2": 0.0,
    "Store1": 0.3,
    "Store2": 0.4,
    "Store3": 0.3
  },
  "costs": {
    "lost_sales": {
      "SKU_Basic": 50.0,
      "SKU_Premium": 80.0,
      "SKU_ShortLife": 40.0
    },
    "inventory": {
      "SKU_Basic": 1.0,
      "SKU_Premium": 1.5,
      "SKU_ShortLife": 1.0
    },
    "waste": {
      "SKU_Basic": 2.0,
      "SKU_Premium": 3.0,
      "SKU_ShortLife": 2.0
    },
    "fixed_order": 0.0,
    "transshipment": 0.5,
    "purchasing": {
      "SKU_Basic": 10.0,
      "SKU_Premium": 20.0,
      "SKU_ShortLife": 15.0
    }
  },
  "constraints": {
    "moq": 0,
    "pack_size": 1,
    "budget_per_period": null,
    "waste_limit_pct": null
  },
  "network": {
    "sub_edges": [
      [
        "SKU_Basic",
        "SKU_Premium"
      ]
    ],
    "trans_edges": [
      [
        "Plant",
        "DC1"
      ],
      [
        "Plant",
        "DC2"
      ],
      [
        "DC1",
        "Store1"
      ],
      [
        "DC1",
        "Store2"
      ],
      [
        "DC2",
        "Store2"
      ],
      [
        "DC2",
        "Store3"
      ]
    ]
  },
  "scenario_id": "retail_f7_multiechelon_chain_v3",
  "archetype": "retail_f7_multiechelon_chain"
}