{
  "name": "retail_f8_reverse_logistics_v2",
  "description": "Standard seasonal retail scenario.",
  "periods": 20,
  "products": [
    "SKU_Basic",
    "SKU_Premium",
    "SKU_ShortLife"
  ],
  "locations": [
    "DC1",
    "DC2",
    "DC3",
    "DC4",
    "DC5"
  ],
  "shelf_life": {
    "SKU_Basic": 10,
    "SKU_Premium": 8,
    "SKU_ShortLife": 4
  },
  "lead_time": {
    "SKU_Basic": 0,
    "SKU_Premium": 0,
    "SKU_ShortLife": 0
  },
  "cold_capacity": {
    "DC1": 4315.695645451517,
    "DC2": 3624.784761273924,
    "DC3": 3120.9645222669005,
    "DC4": 2690.1691911094076,
    "DC5": 2541.193780028748
  },
  "cold_usage": {
    "SKU_Basic": 1.0,
    "SKU_Premium": 3.0,
    "SKU_ShortLife": 1.2
  },
  "production_cap": {
    "SKU_Basic": [
      800,
      800,
      800,
      800,
      800,
      800,
      800,
      800,
      800,
      800,
      800,
      800,
      800,
      800,
      800,
      800,
      800,
      800,
      800,
      800
    ],
    "SKU_Premium": [
      400,
      400,
      400,
      400,
      400,
      400,
      400,
      400,
      400,
      400,
      400,
      400,
      400,
      400,
      400,
      400,
      400,
      400,
      400,
      400
    ],
    "SKU_ShortLife": [
      500,
      500,
      500,
      500,
      500,
      500,
      500,
      500,
      500,
      500,
      500,
      500,
      500,
      500,
      500,
      500,
      500,
      500,
      500,
      500
    ]
  },
  "labor_cap": {
    "DC1": [
      99999.0,
      99999.0,
      99999.0,
      99999.0,
      99999.0,
      99999.0,
      99999.0,
      99999.0,
      99999.0,
      99999.0,
      99999.0,
      99999.0,
      99999.0,
      99999.0,
      99999.0,
      99999.0,
      99999.0,
      99999.0,
      99999.0,
      99999.0
    ],
    "DC2": [
      99999.0,
      99999.0,
      99999.0,
      99999.0,
      99999.0,
      99999.0,
      99999.0,
      99999.0,
      99999.0,
      99999.0,
      99999.0,
      99999.0,
      99999.0,
      99999.0,
      99999.0,
      99999.0,
      99999.0,
      99999.0,
      99999.0,
      99999.0
    ],
    "DC3": [
      99999.0,
      99999.0,
      99999.0,
      99999.0,
      99999.0,
      99999.0,
      99999.0,
      99999.0,
      99999.0,
      99999.0,
      99999.0,
      99999.0,
      99999.0,
      99999.0,
      99999.0,
      99999.0,
      99999.0,
      99999.0,
      99999.0,
      99999.0
    ],
    "DC4": [
      99999.0,
      99999.0,
      99999.0,
      99999.0,
      99999.0,
      99999.0,
      99999.0,
      99999.0,
      99999.0,
      99999.0,
      99999.0,
      99999.0,
      99999.0,
      99999.0,
      99999.0,
      99999.0,
      99999.0,
      99999.0,
      99999.0,
      99999.0
    ],
    "DC5": [
      99999.0,
      99999.0,
      99999.0,
      99999.0,
      99999.0,
      99999.0,
      99999.0,
      99999.0,
      99999.0,
      99999.0,
      99999.0,
      99999.0,
      99999.0,
      99999.0,
      99999.0,
      99999.0,
      99999.0,
      99999.0,
      99999.0,
      99999.0
    ]
  },
  "labor_usage": {
    "SKU_Basic": 0.0,
    "SKU_Premium": 0.0,
    "SKU_ShortLife": 0.0
  },
  "return_rate": {
    "SKU_Basic": 0.2,
    "SKU_Premium": 0.1,
    "SKU_ShortLife": 0.05
  },
  "demand_curve": {
    "SKU_Basic": [
      287,
      302,
      369,
      384,
      462,
      472,
      640,
      774,
      1048,
      1103,
      1152,
      1380,
      1248,
      888,
      620,
      500,
      462,
      337,
      335,
      342
    ],
    "SKU_Premium": [
      143,
      147,
      160,
      182,
      247,
      294,
      393,
      412,
      526,
      605,
      732,
      583,
      565,
      391,
      368,
      257,
      206,
      164,
      143,
      155
    ],
    "SKU_ShortLife": [
      115,
      128,
      142,
      126,
      163,
      244,
      248,
      389,
      404,
      523,
      534,
      458,
      446,
      391,
      289,
      221,
      153,
      149,
      142,
      134
    ]
  },
  "demand_share": {
    "DC1": 0.25,
    "DC2": 0.2,
    "DC3": 0.2,
    "DC4": 0.2,
    "DC5": 0.15
  },
  "costs": {
    "lost_sales": {
      "SKU_Basic": 50.0,
      "SKU_Premium": 80.0,
      "SKU_ShortLife": 40.0
    },
    "inventory": {
      "SKU_Basic": 1.0,
      "SKU_Premium": 1.5,
      "SKU_ShortLife": 1.0
    },
    "waste": {
      "SKU_Basic": 2.0,
      "SKU_Premium": 3.0,
      "SKU_ShortLife": 2.0
    },
    "fixed_order": 0.0,
    "transshipment": 0.5,
    "purchasing": {
      "SKU_Basic": 10.0,
      "SKU_Premium": 20.0,
      "SKU_ShortLife": 15.0
    }
  },
  "constraints": {
    "moq": 0,
    "pack_size": 1,
    "budget_per_period": null,
    "waste_limit_pct": null
  },
  "network": {
    "sub_edges": [
      [
        "SKU_Basic",
        "SKU_Premium"
      ]
    ],
    "trans_edges": []
  },
  "scenario_id": "retail_f8_reverse_logistics_v2",
  "archetype": "retail_f8_reverse_logistics"
}