{
  "name": "retail_f3_volumetric_constraint_v3",
  "description": "Standard seasonal retail scenario.",
  "periods": 20,
  "products": [
    "SKU_Basic",
    "SKU_Premium",
    "SKU_ShortLife"
  ],
  "locations": [
    "DC1",
    "DC2",
    "DC3",
    "DC4",
    "DC5"
  ],
  "shelf_life": {
    "SKU_Basic": 10,
    "SKU_Premium": 8,
    "SKU_ShortLife": 4
  },
  "lead_time": {
    "SKU_Basic": 0,
    "SKU_Premium": 0,
    "SKU_ShortLife": 0
  },
  "cold_capacity": {
    "DC1": 4027.570519407495,
    "DC2": 3205.385167771466,
    "DC3": 3218.3880343131077,
    "DC4": 2991.662703010913,
    "DC5": 2690.411735650596
  },
  "cold_usage": {
    "SKU_Basic": 1.0,
    "SKU_Premium": 15.0,
    "SKU_ShortLife": 1.2
  },
  "production_cap": {
    "SKU_Basic": [
      800,
      800,
      800,
      800,
      800,
      800,
      800,
      800,
      800,
      800,
      800,
      800,
      800,
      800,
      800,
      800,
      800,
      800,
      800,
      800
    ],
    "SKU_Premium": [
      400,
      400,
      400,
      400,
      400,
      400,
      400,
      400,
      400,
      400,
      400,
      400,
      400,
      400,
      400,
      400,
      400,
      400,
      400,
      400
    ],
    "SKU_ShortLife": [
      500,
      500,
      500,
      500,
      500,
      500,
      500,
      500,
      500,
      500,
      500,
      500,
      500,
      500,
      500,
      500,
      500,
      500,
      500,
      500
    ]
  },
  "labor_cap": {
    "DC1": [
      99999.0,
      99999.0,
      99999.0,
      99999.0,
      99999.0,
      99999.0,
      99999.0,
      99999.0,
      99999.0,
      99999.0,
      99999.0,
      99999.0,
      99999.0,
      99999.0,
      99999.0,
      99999.0,
      99999.0,
      99999.0,
      99999.0,
      99999.0
    ],
    "DC2": [
      99999.0,
      99999.0,
      99999.0,
      99999.0,
      99999.0,
      99999.0,
      99999.0,
      99999.0,
      99999.0,
      99999.0,
      99999.0,
      99999.0,
      99999.0,
      99999.0,
      99999.0,
      99999.0,
      99999.0,
      99999.0,
      99999.0,
      99999.0
    ],
    "DC3": [
      99999.0,
      99999.0,
      99999.0,
      99999.0,
      99999.0,
      99999.0,
      99999.0,
      99999.0,
      99999.0,
      99999.0,
      99999.0,
      99999.0,
      99999.0,
      99999.0,
      99999.0,
      99999.0,
      99999.0,
      99999.0,
      99999.0,
      99999.0
    ],
    "DC4": [
      99999.0,
      99999.0,
      99999.0,
      99999.0,
      99999.0,
      99999.0,
      99999.0,
      99999.0,
      99999.0,
      99999.0,
      99999.0,
      99999.0,
      99999.0,
      99999.0,
      99999.0,
      99999.0,
      99999.0,
      99999.0,
      99999.0,
      99999.0
    ],
    "DC5": [
      99999.0,
      99999.0,
      99999.0,
      99999.0,
      99999.0,
      99999.0,
      99999.0,
      99999.0,
      99999.0,
      99999.0,
      99999.0,
      99999.0,
      99999.0,
      99999.0,
      99999.0,
      99999.0,
      99999.0,
      99999.0,
      99999.0,
      99999.0
    ]
  },
  "labor_usage": {
    "SKU_Basic": 0.0,
    "SKU_Premium": 0.0,
    "SKU_ShortLife": 0.0
  },
  "return_rate": {
    "SKU_Basic": 0.0,
    "SKU_Premium": 0.0,
    "SKU_ShortLife": 0.0
  },
  "demand_curve": {
    "SKU_Basic": [
      268,
      309,
      316,
      371,
      467,
      625,
      815,
      800,
      1011,
      1133,
      1276,
      1287,
      982,
      1009,
      681,
      630,
      410,
      321,
      367,
      311
    ],
    "SKU_Premium": [
      141,
      141,
      178,
      192,
      205,
      276,
      341,
      426,
      504,
      655,
      699,
      709,
      525,
      466,
      335,
      307,
      237,
      203,
      142,
      134
    ],
    "SKU_ShortLife": [
      137,
      111,
      134,
      146,
      150,
      215,
      315,
      361,
      409,
      525,
      547,
      454,
      393,
      398,
      271,
      205,
      148,
      147,
      134,
      119
    ]
  },
  "demand_share": {
    "DC1": 0.25,
    "DC2": 0.2,
    "DC3": 0.2,
    "DC4": 0.2,
    "DC5": 0.15
  },
  "costs": {
    "lost_sales": {
      "SKU_Basic": 50.0,
      "SKU_Premium": 80.0,
      "SKU_ShortLife": 40.0
    },
    "inventory": {
      "SKU_Basic": 1.0,
      "SKU_Premium": 1.5,
      "SKU_ShortLife": 1.0
    },
    "waste": {
      "SKU_Basic": 2.0,
      "SKU_Premium": 3.0,
      "SKU_ShortLife": 2.0
    },
    "fixed_order": 0.0,
    "transshipment": 0.5,
    "purchasing": {
      "SKU_Basic": 10.0,
      "SKU_Premium": 20.0,
      "SKU_ShortLife": 15.0
    }
  },
  "constraints": {
    "moq": 0,
    "pack_size": 1,
    "budget_per_period": null,
    "waste_limit_pct": null
  },
  "network": {
    "sub_edges": [
      [
        "SKU_Basic",
        "SKU_Premium"
      ]
    ],
    "trans_edges": []
  },
  "scenario_id": "retail_f3_volumetric_constraint_v3",
  "archetype": "retail_f3_volumetric_constraint"
}