{
  "name": "retail_f2_no_substitution_v2",
  "description": "Standard seasonal retail scenario.",
  "periods": 20,
  "products": [
    "SKU_Basic",
    "SKU_Premium",
    "SKU_ShortLife"
  ],
  "locations": [
    "DC1",
    "DC2",
    "DC3",
    "DC4",
    "DC5"
  ],
  "shelf_life": {
    "SKU_Basic": 10,
    "SKU_Premium": 8,
    "SKU_ShortLife": 4
  },
  "lead_time": {
    "SKU_Basic": 0,
    "SKU_Premium": 0,
    "SKU_ShortLife": 0
  },
  "cold_capacity": {
    "DC1": 4590.171218136504,
    "DC2": 3247.079468140543,
    "DC3": 2712.1122753201253,
    "DC4": 2910.066620321975,
    "DC5": 2162.4289154299317
  },
  "cold_usage": {
    "SKU_Basic": 1.0,
    "SKU_Premium": 3.0,
    "SKU_ShortLife": 1.2
  },
  "production_cap": {
    "SKU_Basic": [
      800,
      800,
      800,
      800,
      800,
      800,
      800,
      800,
      800,
      800,
      800,
      800,
      800,
      800,
      800,
      800,
      800,
      800,
      800,
      800
    ],
    "SKU_Premium": [
      400,
      400,
      400,
      400,
      400,
      400,
      400,
      400,
      400,
      400,
      400,
      400,
      400,
      400,
      400,
      400,
      400,
      400,
      400,
      400
    ],
    "SKU_ShortLife": [
      500,
      500,
      500,
      500,
      500,
      500,
      500,
      500,
      500,
      500,
      500,
      500,
      500,
      500,
      500,
      500,
      500,
      500,
      500,
      500
    ]
  },
  "labor_cap": {
    "DC1": [
      99999.0,
      99999.0,
      99999.0,
      99999.0,
      99999.0,
      99999.0,
      99999.0,
      99999.0,
      99999.0,
      99999.0,
      99999.0,
      99999.0,
      99999.0,
      99999.0,
      99999.0,
      99999.0,
      99999.0,
      99999.0,
      99999.0,
      99999.0
    ],
    "DC2": [
      99999.0,
      99999.0,
      99999.0,
      99999.0,
      99999.0,
      99999.0,
      99999.0,
      99999.0,
      99999.0,
      99999.0,
      99999.0,
      99999.0,
      99999.0,
      99999.0,
      99999.0,
      99999.0,
      99999.0,
      99999.0,
      99999.0,
      99999.0
    ],
    "DC3": [
      99999.0,
      99999.0,
      99999.0,
      99999.0,
      99999.0,
      99999.0,
      99999.0,
      99999.0,
      99999.0,
      99999.0,
      99999.0,
      99999.0,
      99999.0,
      99999.0,
      99999.0,
      99999.0,
      99999.0,
      99999.0,
      99999.0,
      99999.0
    ],
    "DC4": [
      99999.0,
      99999.0,
      99999.0,
      99999.0,
      99999.0,
      99999.0,
      99999.0,
      99999.0,
      99999.0,
      99999.0,
      99999.0,
      99999.0,
      99999.0,
      99999.0,
      99999.0,
      99999.0,
      99999.0,
      99999.0,
      99999.0,
      99999.0
    ],
    "DC5": [
      99999.0,
      99999.0,
      99999.0,
      99999.0,
      99999.0,
      99999.0,
      99999.0,
      99999.0,
      99999.0,
      99999.0,
      99999.0,
      99999.0,
      99999.0,
      99999.0,
      99999.0,
      99999.0,
      99999.0,
      99999.0,
      99999.0,
      99999.0
    ]
  },
  "labor_usage": {
    "SKU_Basic": 0.0,
    "SKU_Premium": 0.0,
    "SKU_ShortLife": 0.0
  },
  "return_rate": {
    "SKU_Basic": 0.0,
    "SKU_Premium": 0.0,
    "SKU_ShortLife": 0.0
  },
  "demand_curve": {
    "SKU_Basic": [
      261,
      300,
      335,
      395,
      414,
      546,
      766,
      900,
      1152,
      1147,
      1477,
      1106,
      1022,
      959,
      794,
      470,
      498,
      314,
      282,
      289
    ],
    "SKU_Premium": [
      142,
      134,
      161,
      173,
      195,
      312,
      350,
      397,
      624,
      559,
      717,
      528,
      511,
      451,
      400,
      310,
      200,
      207,
      184,
      157
    ],
    "SKU_ShortLife": [
      134,
      116,
      142,
      142,
      166,
      216,
      257,
      312,
      423,
      454,
      566,
      515,
      378,
      327,
      315,
      215,
      148,
      125,
      116,
      120
    ]
  },
  "demand_share": {
    "DC1": 0.25,
    "DC2": 0.2,
    "DC3": 0.2,
    "DC4": 0.2,
    "DC5": 0.15
  },
  "costs": {
    "lost_sales": {
      "SKU_Basic": 50.0,
      "SKU_Premium": 80.0,
      "SKU_ShortLife": 40.0
    },
    "inventory": {
      "SKU_Basic": 1.0,
      "SKU_Premium": 1.5,
      "SKU_ShortLife": 1.0
    },
    "waste": {
      "SKU_Basic": 2.0,
      "SKU_Premium": 3.0,
      "SKU_ShortLife": 2.0
    },
    "fixed_order": 0.0,
    "transshipment": 0.5,
    "purchasing": {
      "SKU_Basic": 10.0,
      "SKU_Premium": 20.0,
      "SKU_ShortLife": 15.0
    }
  },
  "constraints": {
    "moq": 0,
    "pack_size": 1,
    "budget_per_period": null,
    "waste_limit_pct": null
  },
  "network": {
    "sub_edges": [],
    "trans_edges": []
  },
  "scenario_id": "retail_f2_no_substitution_v2",
  "archetype": "retail_f2_no_substitution"
}